Easy 5th V-easy|5.1
5.10+ V2+ PG13|5.10d
5.10+ V2|5.10d
5.1|5.1
5.1|5.1
5.1|5.1
5.10 C1|5.10b
5.1 PG13|5.1
5.1 R|5.1
5.1 X|5.1
5.11 V3 R|5.11b
5.11+ X|5.11d
5.12+|5.12d
5.2 V-easy|5.2
5.2|5.2
5.2 R|5.2
5.2 PG13|5.2
5.2 Easy Snow|5.2
5.3 V-easy|5.3
5.3 V0|5.3
5.3|5.3
5.3 PG13|5.3
5.3 R|5.3
5.3 X|5.3
5.3 C0|5.3
5.3 A1|5.3
5.3 Mod. Snow|5.3
5.3 A2+|5.3
5.4 V-easy|5.4
5.4 V0|5.4
5.4 AI2-3 M3 R|5.4
5.4|5.4
5.4 PG13|5.4
5.4 R|5.4
5.4 X|5.4
5.4 Easy Snow|5.4
5.4 Mod. Snow|5.4
5.4 A3|5.4
5.4 WI3+|5.4
5.4 A2|5.4
5.4 C2+|5.4
5.4 Mod. Snow PG13|5.4
5.4 A1|5.4
5.5 V-easy|5.5
5.5 V-easy PG13|5.5
5.5 V0 R|5.5
5.5 WI3-|5.5
5.5 WI2+ M2-3|5.5
5.5 M2-3 Steep Snow R|5.5
5.5|5.5
5.5 PG13|5.5
5.5 R|5.5
5.5 X|5.5
5.5 C1|5.5
5.5 C0|5.5
5.5 A2+|5.5
5.5 C2|5.5
5.5 C1 PG13|5.5
5.5 Mod. Snow|5.5
5.5 AI2 Mod. Snow|5.5
5.6 V-easy|5.6
5.6 V-easy PG13|5.6
5.6 V-easy R|5.6
5.6 V0|5.6
5.6 WI3-4 M5-|5.6
5.6 AI2-3 M4+ A1|5.6
5.6 WI4-5 M3|5.6
5.6 AI2-3 M4 PG13|5.6
5.6 WI3- M2-3|5.6
5.6 M3-4 Mod. Snow|5.6
5.6 M2- PG13|5.6
5.6|5.6
5.6 PG13|5.6
5.6 R|5.6
5.6 X|5.6
5.6 Mod. Snow|5.6
5.6 Steep Snow|5.6
5.6 A0 R|5.6
5.6 C2|5.6
5.6 AI3 M3|5.6
5.6 WI5|5.6
5.6 C1|5.6
5.6 WI2 M1 Mod. Snow|5.6
5.6 AI2 M4 Mod. Snow|5.6
5.6 AI3 Steep Snow|5.6
5.6 C2+ R|5.6
5.6 AI2 Steep Snow|5.6
5.6 A1|5.6
5.6 C0|5.6
5.7 V0-|5.7
5.7 V-easy PG13|5.7
5.7 V-easy X|5.7
5.7 V0|5.7
5.7 V1|5.7
5.7+ M4-5 Mod. Snow|5.7
5.7 A1-|5.7
5.7 C3- PG13|5.7
5.7 AI3-4|5.7
5.7 A3-|5.7
5.7 A3-4|5.7
5.7 C1-2|5.7
5.7|5.7
5.7+|5.7
5.7 PG13|5.7
5.7 R|5.7
5.7+ PG13|5.7
5.7 X|5.7
5.7+ R|5.7
5.7+ X|5.7
5.7 C2|5.7
5.7 C1|5.7
5.7 Mod. Snow|5.7
5.7 A0|5.7
5.7+ C1|5.7
5.7 A2|5.7
5.7+ Mod. Snow|5.7
5.7+ M5|5.7
5.7 AI3 M3+ Steep Snow|5.7
5.7 M4|5.7
5.7 A3|5.7
5.7 WI3 Easy Snow|5.7
5.7 AI2|5.7
5.7 A2+|5.7
5.7 WI3|5.7
5.7 A1 PG13|5.7
5.7 A0 PG13|5.7
5.7 A1|5.7
5.7 M5+|5.7
5.7 WI3+|5.7
5.7 WI3+ M4 Steep Snow|5.7
5.7 WI2 Steep Snow PG1|5.7
5.8 V-easy|5.8
5.8 V0-|5.8
5.8- V-easy|5.8
5.8+ V0-|5.8
5.8+ V-easy|5.8
5.8- V0 R|5.8
5.8 V0|5.8
5.8 V1|5.8
5.8+ V0|5.8
5.8 V2|5.8
5.8+ V1|5.8
5.8+ V0 PG13|5.8
5.8- PG13|5.8
5.8- R|5.8
5.8- X|5.8
5.8 WI3 M5- A1-2 Steep|5.8
5.8|5.8
5.8+|5.8
5.8|5.8
5.8 PG13|5.8
5.8 R|5.8
5.8+ PG13|5.8
5.8+ R|5.8
5.8 X|5.8
5.8 C2|5.8
5.8 C1|5.8
5.8+ X|5.8
5.8 A0|5.8
5.8 Mod. Snow|5.8
5.8 A1|5.8
5.8 C0|5.8
5.8 A2+|5.8
5.8 C2+|5.8
5.8 A2|5.8
5.8+ C1 PG13|5.8
5.8 C3|5.8
5.8 Steep Snow|5.8
5.8 C1 R|5.8
5.8 M4 Steep Snow R|5.8
5.8 C1+|5.8
5.8 A3|5.8
5.8 A3 PG13|5.8
5.8 WI6 M6 A2 Steep Sn|5.8
5.8+ Steep Snow|5.8
5.8 WI4|5.8
5.8 WI6|5.8
5.8 A3+|5.8
5.8+ Mod. Snow|5.8
5.8 M6 Steep Snow|5.8
5.8 M4 Steep Snow|5.8
5.8 A3 R|5.8
5.8 WI3+ M4 Steep Snow|5.8
5.8 A2 PG13|5.8
5.9 V0-|5.9
5.9 V-easy|5.9
5.9 V-easy PG13|5.9
5.9 V1-2|5.9
5.9 V2-|5.9
5.9 V2- PG13|5.9
5.9 V0|5.9
5.9 V1|5.9
5.9+ V0|5.9
5.9 V3|5.9
5.9 V0+|5.9
5.9+ V1 PG13|5.9
5.9+ V1|5.9
5.9 V0+ PG13|5.9
5.9+ V0+ PG13|5.9
5.9 V2|5.9
5.9 V2 X|5.9
5.9 V4|5.9
5.9- R|5.9
5.9- X|5.9
5.9 WI4 M5-6 Steep Sno|5.9
5.9 C1-2|5.9
5.9 C0-1|5.9
5.9 C2-|5.9
5.9- A2|5.9
5.9|5.9
5.9+|5.9
5.9|5.9
5.9 PG13|5.9
5.9 R|5.9
5.9+ PG13|5.9
5.9+ R|5.9
5.9 X|5.9
5.9 C1|5.9
5.9 C2|5.9
5.9+ X|5.9
5.9 A2|5.9
5.9 C3|5.9
5.9 C1+|5.9
5.9 C1 R|5.9
5.9 C0|5.9
5.9 A0|5.9
5.9 C3+|5.9
5.9 C2 R|5.9
5.9 C2+|5.9
5.9 A3+|5.9
5.9 A3|5.9
5.9 A1|5.9
5.9 Easy Snow PG13|5.9
5.9+ A0+ X|5.9
5.9 A4 X|5.9
5.9 A2+|5.9
5.9 WI3 M3 R|5.9
5.9+ A1+|5.9
5.9+ C1|5.9
5.9+ A4+|5.9
5.9 WI4 M4 Easy Snow|5.9
5.9 C3 R|5.9
5.9 C2+ PG13|5.9
5.9 A2+ R|5.9
5.9+ A3|5.9
5.9 A0 R|5.9
5.9+ C2+|5.9
5.9+ A0|5.9
5.9 M5|5.9
5.9+ C2|5.9
5.9 A1 R|5.9
5.0 Easy Snow|5.1
5.0 Mod. Snow|5.1
5.10a/b V3-4 R|5.10a
5.10a V0-|5.10a
5.10a V0|5.10a
5.10a V5|5.10a
5.10a V1 X|5.10a
5.10a A1-2|5.10a
5.10a WI1 M1 C1- Easy|5.10a
5.10a|5.10a
5.10a/b|5.10a
5.10a PG13|5.10a
5.10a R|5.10a
5.10a/b PG13|5.10a
5.10a X|5.10a
5.10a/b R|5.10a
5.10a/b A1 R|5.10a
5.10a C1|5.10a
5.10a WI1 Easy Snow|5.10a
5.10a A3+|5.10a
5.10a/b A0|5.10a
5.10a C2|5.10a
5.10a Mod. Snow|5.10a
5.10a A0|5.10a
5.10- V0-1|5.10b
5.10 V0-1|5.10b
5.10- V0+|5.10b
5.10- V0|5.10b
5.10- V0-|5.10b
5.10- V1 X|5.10b
5.10b V1-|5.10b
5.10 V2-3|5.10b
5.1 V-easy|5.10b
5.10 V0-|5.10b
5.10 V1|5.10b
5.10b V0|5.10b
5.10+ V1+ R|5.10b
5.10b V1|5.10b
5.10 V3+|5.10b
5.10 V0+|5.10b
5.10 V1 R|5.10b
5.10 V1+|5.10b
5.10b V3|5.10b
5.10- PG13|5.10b
5.10- R|5.10b
5.10- C1|5.10b
5.10- X|5.10b
5.10 C3- PG13|5.10b
5.10 A2- PG13|5.10b
5.10 C2-|5.10b
5.10b|5.10b
5.10b/c|5.10b
5.10b PG13|5.10b
5.10b R|5.10b
5.10 PG13|5.10b
5.10 R|5.10b
5.10b/c PG13|5.10b
5.10b/c R|5.10b
5.10 X|5.10b
5.10b X|5.10b
5.10 A2+|5.10b
5.10 C0|5.10b
5.10 C1 PG13|5.10b
5.10 A1|5.10b
5.10 A0|5.10b
5.10 C2|5.10b
5.10 A0 R|5.10b
5.10 A2|5.10b
5.10b/c X|5.10b
5.10b/c Easy Snow|5.10b
5.10b/c A0|5.10b
5.10 A3 PG13|5.10b
5.10 A0+|5.10b
5.10b C0|5.10b
5.10b A1|5.10b
5.10 C1 R|5.10b
5.10 A4 X|5.10b
5.10+ C2 PG13|5.10b
5.10 A3+ R|5.10b
5.10c V1-|5.10c
5.10c V1-2|5.10c
5.10c V0|5.10c
5.10c V1+|5.10c
5.10c/d V0+|5.10c
5.10c|5.10c
5.10c/d|5.10c
5.10c PG13|5.10c
5.10c R|5.10c
5.10c/d PG13|5.10c
5.10c/d R|5.10c
5.10c X|5.10c
5.10c A0|5.10c
5.10c A4 R|5.10c
5.10c/d X|5.10c
5.10c A0 PG13|5.10c
5.10c A2|5.10c
5.10c A3|5.10c
5.10d V1|5.10d
5.10+ C2-|5.10d
5.10d|5.10d
5.10+|5.10d
5.10d PG13|5.10d
5.10d R|5.10d
5.10+ PG13|5.10d
5.10+ R|5.10d
5.10d X|5.10d
5.10+ X|5.10d
5.10+ C1|5.10d
5.10+ A0|5.10d
5.10d A0|5.10d
5.10d Easy Snow|5.10d
5.10+ A2|5.10d
5.10d C2|5.10d
5.10d C0|5.10d
5.10d C2+|5.10d
5.11a/b V2-|5.11a
5.11a/b V2|5.11a
5.11a/b V1 R|5.11a
5.11a V2|5.11a
5.11a V4+|5.11a
5.11a C2-3|5.11a
5.11a|5.11a
5.11a/b|5.11a
5.11a PG13|5.11a
5.11a R|5.11a
5.11a/b PG13|5.11a
5.11a X|5.11a
5.11a/b R|5.11a
5.11a/b X|5.11a
5.11a A3|5.11a
5.11a M6+|5.11a
5.11a C3|5.11a
5.11- V2|5.11b
5.11 V-easy|5.11b
5.11 V2-3|5.11b
5.11b/c V3- PG13|5.11b
5.11 V3|5.11b
5.11 V2|5.11b
5.11b V3|5.11b
5.11b V2|5.11b
5.11 V3 PG13|5.11b
5.11+ V3 R|5.11b
5.11b V2 R|5.11b
5.11 V1|5.11b
5.11+ V5|5.11b
5.11- PG13|5.11b
5.11- R|5.11b
5.11- C1|5.11b
5.11- C2|5.11b
5.11 A2-|5.11b
5.11- X|5.11b
5.11- C1 R|5.11b
5.11- C1 PG13|5.11b
5.11b|5.11b
5.11|5.11b
5.11|5.11b
5.11b/c|5.11b
5.11b PG13|5.11b
5.11 PG13|5.11b
5.11b R|5.11b
5.11 R|5.11b
5.11b/c PG13|5.11b
5.11b/c R|5.11b
5.11 X|5.11b
5.11b X|5.11b
5.11 C1|5.11b
5.11 A1|5.11b
5.11 A0|5.11b
5.11b/c X|5.11b
5.11 C1+|5.11b
5.11 C0 PG13|5.11b
5.11b A0 X|5.11b
5.11b A3|5.11b
5.11c V2-3|5.11c
5.11c V3|5.11c
5.11c V3 X|5.11c
5.11c A1-|5.11c
5.11c|5.11c
5.11c/d|5.11c
5.11c PG13|5.11c
5.11c R|5.11c
5.11c/d PG13|5.11c
5.11c X|5.11c
5.11c/d R|5.11c
5.11c C0|5.11c
5.11c WI2 Steep Snow|5.11c
5.11c WI4+ M6+|5.11c
5.11c/d X|5.11c
5.11+ V4- X|5.11d
5.11d V4-|5.11d
5.11+ V3|5.11d
5.11d V3+|5.11d
5.11+ V3+ PG13|5.11d
5.11d V3|5.11d
5.11d V3+ PG13|5.11d
5.11d A3-4|5.11d
5.11d|5.11d
5.11+|5.11d
5.11d PG13|5.11d
5.11+ PG13|5.11d
5.11+ R|5.11d
5.11d R|5.11d
5.11d X|5.11d
5.11+ A0|5.11d
5.11d A0 PG13|5.11d
5.11+ C1|5.11d
5.10 V4-5|5.12a
5.12a V4|5.12a
5.12a/b V4|5.12a
5.12a V3|5.12a
5.12a V4 PG13|5.12a
5.12a|5.12a
5.12a/b|5.12a
5.12a PG13|5.12a
5.12a R|5.12a
5.12a/b PG13|5.12a
5.12a X|5.12a
5.12a A0|5.12a
5.12a/b R|5.12a
5.12a/b C1+|5.12a
5.12a/b A0|5.12a
5.12a WI5 M8 PG13|5.12a
5.12a C2 R|5.12a
5.12a A0+|5.12a
5.12a C1|5.12a
5.12 V4-5|5.12b
5.12- V4-|5.12b
5.12 V5|5.12b
5.12b V4|5.12b
5.12 V4+|5.12b
5.12b V3|5.12b
5.12- PG13|5.12b
5.12- R|5.12b
5.12- C0|5.12b
5.12 M10- PG13|5.12b
5.12b|5.12b
5.12|5.12b
5.12|5.12b
5.12b/c|5.12b
5.12b PG13|5.12b
5.12 PG13|5.12b
5.12 R|5.12b
5.12b R|5.12b
5.12b/c PG13|5.12b
5.12b/c R|5.12b
5.12b Easy Snow|5.12b
5.12c/d V6|5.12c
5.12c A0-1|5.12c
5.12c|5.12c
5.12c/d|5.12c
5.12c PG13|5.12c
5.12c R|5.12c
5.12 X|5.12c
5.12c/d PG13|5.12c
5.12d V7|5.12d
5.12+ V5 PG13|5.12d
5.12d|5.12d
5.12d PG13|5.12d
5.12d R|5.12d
5.12+ R|5.12d
5.12+ PG13|5.12d
5.12+ C0|5.12d
5.12d A1|5.12d
5.13a V7|5.13a
5.13a V6|5.13a
5.13a|5.13a
5.13a/b|5.13a
5.13a PG13|5.13a
5.13a R|5.13a
5.13a C2|5.13a
5.13a/b PG13|5.13a
5.13- V8|5.13b
5.13b V10|5.13b
5.13- R|5.13b
5.13- PG13|5.13b
5.13b|5.13b
5.13|5.13b
5.13b/c|5.13b
5.13|5.13b
5.13b PG13|5.13b
5.13 PG13|5.13b
5.13 R|5.13b
5.13b R|5.13b
5.13b/c PG13|5.13b
5.13b A0|5.13b
5.13b C1|5.13b
5.13c|5.13c
5.13c/d|5.13c
5.13c PG13|5.13c
5.13c R|5.13c
5.13c/d PG13|5.13c
5.13d V11|5.13d
5.13d|5.13d
5.13+|5.13d
5.13d R|5.13d
5.14a|5.14a
5.14|5.14b
5.14b|5.14b
5.14|5.14b
5.14c|5.14c
5.15a|5.15a
5.7 V-easy|5.7
5.9- PG13|5.9
5|5.9
V?|V0
V-easy|V0
V0-|V0
V0-1|V0
V0- PG13|V0
V-easy PG13|V0
V-easy R|V0
V0- R|V0
V0-1 PG13|V0
V0-1 R|V0
V0- X|V0
V-easy A0|V0
V0|V0
V0+|V0
V0 PG13|V0
V0 R|V0
V0+ PG13|V0
V0+ R|V0
V0 X|V0
V1-2|V1
V1-|V1
V1-2 PG13|V1
V1-2 R|V1
V1- R|V1
V1- PG13|V1
V1- X|V1
V1|V1
V1+|V1
V1 PG13|V1
V1 R|V1
V1+ PG13|V1
V1+ R|V1
V1 X|V1
V10-|V10
V10-11|V10
V10-11 PG13|V10
V10|V10
V10 PG13|V10
V10 R|V10
V10+|V10
V11-|V11
V11-12|V11
V11|V11
V11+|V11
V11 R|V11
V12-13 R|V12
V12|V12
V12+ X|V12
V14|V14
V2-3|V2
V2-|V2
V2-3 PG13|V2
V2- PG13|V2
V2-3 R|V2
V2- R|V2
V2|V2
V2+|V2
V2 PG13|V2
V2 R|V2
V2+ PG13|V2
V2 X|V2
V2+ R|V2
V3-4|V3
V3-|V3
V3-4 PG13|V3
V3- PG13|V3
V3-4 R|V3
V3- X|V3
V3-4 X|V3
V3|V3
V3+|V3
V3 PG13|V3
V3 R|V3
V3+ PG13|V3
V3 X|V3
V4-5|V4
V4-5 PG13|V4
V4-5 R|V4
V4-|V4
V4- PG13|V4
V4- R|V4
V4|V4
V4+|V4
V4 PG13|V4
V4 R|V4
V4+ PG13|V4
V4 X|V4
V4+ R|V4
V5-6|V5
V5-|V5
V5-6 PG13|V5
V5- PG13|V5
V5- R|V5
V5|V5
V5+|V5
V5 PG13|V5
V5 R|V5
V5 X|V5
V5+ R|V5
V5+ PG13|V5
V6-7|V6
V6-|V6
V6-7 PG13|V6
V6- R|V6
V6|V6
V6+|V6
V6 PG13|V6
V6 R|V6
V6 X|V6
V7-8|V7
V7-|V7
V7-8 R|V7
V7|V7
V7+|V7
V7 PG13|V7
V7 R|V7
V7+ R|V7
V7+ X|V7
V8-|V8
V8-9|V8
V8-9 PG13|V8
V8|V8
V8+|V8
V8 PG13|V8
V8 R|V8
V9-10|V9
V9-|V9
V9- PG13|V9
V9|V9
V9+|V9
V9 PG13|V9
V9 R|V9
WI4-5|Alpine/Ice/Aid
WI5-|Alpine/Ice/Aid
WI5-6|Alpine/Ice/Aid
M5-6|Alpine/Ice/Aid
M4-5|Alpine/Ice/Aid
WI4-5 M5|Alpine/Ice/Aid
WI4+ M4-5|Alpine/Ice/Aid
WI5-6 M6|Alpine/Ice/Aid
WI4 M4-5|Alpine/Ice/Aid
WI5- M6+|Alpine/Ice/Aid
Easy 5th WI3-4 Steep S|Alpine/Ice/Aid
WI5-6 M4|Alpine/Ice/Aid
WI5- M2-3|Alpine/Ice/Aid
WI4-5 M8|Alpine/Ice/Aid
WI3+ M5-|Alpine/Ice/Aid
WI5 M4-5|Alpine/Ice/Aid
WI4-5 M3-4|Alpine/Ice/Aid
WI5-6 M8|Alpine/Ice/Aid
WI5- M7-|Alpine/Ice/Aid
WI5-6 M5+ R|Alpine/Ice/Aid
Easy 5th AI2-3 Steep S|Alpine/Ice/Aid
WI6- M5|Alpine/Ice/Aid
WI4-5 M7|Alpine/Ice/Aid
WI4-5 M5-6 R|Alpine/Ice/Aid
WI4- M5 R|Alpine/Ice/Aid
WI5 M5-6 R|Alpine/Ice/Aid
M5-|Alpine/Ice/Aid
WI4-5 X|Alpine/Ice/Aid
Easy 5th WI3- M2 Easy|Alpine/Ice/Aid
WI4 M5-6|Alpine/Ice/Aid
WI4 M4-5 PG13|Alpine/Ice/Aid
WI5-6 M5 R|Alpine/Ice/Aid
WI5- M7|Alpine/Ice/Aid
WI3 M4-5|Alpine/Ice/Aid
WI4-5 M5 R|Alpine/Ice/Aid
WI3-4 M4-5 R|Alpine/Ice/Aid
WI4-5 M4-5|Alpine/Ice/Aid
WI5- R|Alpine/Ice/Aid
WI2-3 M5|Alpine/Ice/Aid
WI5|Alpine/Ice/Aid
Easy 5th|Alpine/Ice/Aid
25|Alpine/Ice/Aid
WI5+|Alpine/Ice/Aid
M5|Alpine/Ice/Aid
Easy 5th PG13|Alpine/Ice/Aid
WI5 M6|Alpine/Ice/Aid
WI4 M5|Alpine/Ice/Aid
Easy 5th Easy Snow|Alpine/Ice/Aid
WI5 M5|Alpine/Ice/Aid
WI5 PG13|Alpine/Ice/Aid
Easy 5th Mod. Snow|Alpine/Ice/Aid
WI5+ R|Alpine/Ice/Aid
M5+|Alpine/Ice/Aid
WI5 R|Alpine/Ice/Aid
WI5 M6 R|Alpine/Ice/Aid
WI5 M8|Alpine/Ice/Aid
M5+ Steep Snow|Alpine/Ice/Aid
WI4+ M5|Alpine/Ice/Aid
WI5 M4|Alpine/Ice/Aid
M5 PG13|Alpine/Ice/Aid
WI5 M6+|Alpine/Ice/Aid
WI5 M6 PG13|Alpine/Ice/Aid
WI2 M5|Alpine/Ice/Aid
Easy 5th WI3|Alpine/Ice/Aid
Easy 5th C1|Alpine/Ice/Aid
WI4+ M5+|Alpine/Ice/Aid
WI5+ M8|Alpine/Ice/Aid
M5 Steep Snow|Alpine/Ice/Aid
WI3 M5 R|Alpine/Ice/Aid
Easy 5th Steep Snow|Alpine/Ice/Aid
WI3 M5|Alpine/Ice/Aid
M5 Mod. Snow|Alpine/Ice/Aid
M5 R|Alpine/Ice/Aid
M5+ PG13|Alpine/Ice/Aid
WI5+ M6+ R|Alpine/Ice/Aid
WI5+ M5+ R|Alpine/Ice/Aid
WI5+ A1|Alpine/Ice/Aid
WI5 M3|Alpine/Ice/Aid
WI5+ M7 PG13|Alpine/Ice/Aid
WI5 M6 Steep Snow R|Alpine/Ice/Aid
WI3+ M5 R|Alpine/Ice/Aid
Easy 5th Steep Snow PG|Alpine/Ice/Aid
WI5 M5 R|Alpine/Ice/Aid
Easy 5th Mod. Snow X|Alpine/Ice/Aid
WI6 M5 A2 Steep Snow|Alpine/Ice/Aid
Easy 5th WI2+ Steep Sn|Alpine/Ice/Aid
WI3-4|Alpine/Ice/Aid
WI2-3|Alpine/Ice/Aid
WI4-|Alpine/Ice/Aid
WI3-|Alpine/Ice/Aid
WI2-|Alpine/Ice/Aid
AI2-3 Steep Snow|Alpine/Ice/Aid
M6-7|Alpine/Ice/Aid
M7-8|Alpine/Ice/Aid
M8-|Alpine/Ice/Aid
M6-|Alpine/Ice/Aid
AI3-4 Steep Snow|Alpine/Ice/Aid
AI1-2|Alpine/Ice/Aid
AI1-2 Steep Snow|Alpine/Ice/Aid
WI3- PG13|Alpine/Ice/Aid
M3-4|Alpine/Ice/Aid
WI4- R|Alpine/Ice/Aid
WI3-4 Mod. Snow|Alpine/Ice/Aid
4th AI2-3 Steep Snow|Alpine/Ice/Aid
WI4- M4+|Alpine/Ice/Aid
WI4 M3-4|Alpine/Ice/Aid
WI2-3 Steep Snow|Alpine/Ice/Aid
M6-7 Mod. Snow|Alpine/Ice/Aid
WI3- Mod. Snow|Alpine/Ice/Aid
WI2- Steep Snow|Alpine/Ice/Aid
WI3-4 M4- R|Alpine/Ice/Aid
WI2-3 Easy Snow|Alpine/Ice/Aid
M9-|Alpine/Ice/Aid
WI6-|Alpine/Ice/Aid
AI2-3 Steep Snow PG13|Alpine/Ice/Aid
AI2-3 M4+ R|Alpine/Ice/Aid
WI3-4 M2|Alpine/Ice/Aid
M7-|Alpine/Ice/Aid
M2-3 Mod. Snow PG13|Alpine/Ice/Aid
WI4 M3-4 PG13|Alpine/Ice/Aid
WI2 M2-3|Alpine/Ice/Aid
AI2-3 M2-3 Steep Snow|Alpine/Ice/Aid
WI3-4 M6|Alpine/Ice/Aid
WI4+ M1-2|Alpine/Ice/Aid
WI2-3 Mod. Snow|Alpine/Ice/Aid
A2-3 R|Alpine/Ice/Aid
WI4- M6|Alpine/Ice/Aid
M8-9 R|Alpine/Ice/Aid
WI3+ M3-4|Alpine/Ice/Aid
C3-|Alpine/Ice/Aid
WI3-4 M3|Alpine/Ice/Aid
AI1-2 Mod. Snow|Alpine/Ice/Aid
M8-9|Alpine/Ice/Aid
AI2-3 Steep Snow X|Alpine/Ice/Aid
4th AI1-2|Alpine/Ice/Aid
WI3-4 M3-4|Alpine/Ice/Aid
M9-10|Alpine/Ice/Aid
WI3- M3+ Mod. Snow|Alpine/Ice/Aid
WI4- M2 Easy Snow|Alpine/Ice/Aid
WI4- M4-|Alpine/Ice/Aid
WI3- M3-|Alpine/Ice/Aid
WI4+ M3-4 PG13|Alpine/Ice/Aid
M2-3|Alpine/Ice/Aid
WI3- M1-2 PG13|Alpine/Ice/Aid
WI4 M6-|Alpine/Ice/Aid
M1-2 PG13|Alpine/Ice/Aid
WI6 M7-8 R|Alpine/Ice/Aid
C1-2|Alpine/Ice/Aid
WI4+ M6-|Alpine/Ice/Aid
WI2- Easy Snow|Alpine/Ice/Aid
WI3-4 M7|Alpine/Ice/Aid
4th AI1-2 Mod. Snow|Alpine/Ice/Aid
M2- Mod. Snow|Alpine/Ice/Aid
WI4- M4|Alpine/Ice/Aid
WI3-4 R|Alpine/Ice/Aid
4th AI2-3 Steep Snow P|Alpine/Ice/Aid
WI4- M4 R|Alpine/Ice/Aid
WI3-4 M1|Alpine/Ice/Aid
WI4|Alpine/Ice/Aid
WI3|Alpine/Ice/Aid
4th|Alpine/Ice/Aid
WI3+|Alpine/Ice/Aid
3rd|Alpine/Ice/Aid
WI2|Alpine/Ice/Aid
WI4+|Alpine/Ice/Aid
Mod. Snow|Alpine/Ice/Aid
WI2+|Alpine/Ice/Aid
Easy Snow|Alpine/Ice/Aid
Steep Snow|Alpine/Ice/Aid
M6|Alpine/Ice/Aid
M7|Alpine/Ice/Aid
4th Mod. Snow|Alpine/Ice/Aid
4th Easy Snow|Alpine/Ice/Aid
C1|Alpine/Ice/Aid
M8|Alpine/Ice/Aid
WI4 PG13|Alpine/Ice/Aid
M6+|Alpine/Ice/Aid
3rd Mod. Snow|Alpine/Ice/Aid
WI6|Alpine/Ice/Aid
M4|Alpine/Ice/Aid
A3|Alpine/Ice/Aid
3rd Easy Snow|Alpine/Ice/Aid
A2|Alpine/Ice/Aid
WI1|Alpine/Ice/Aid
A1|Alpine/Ice/Aid
C2|Alpine/Ice/Aid
M9|Alpine/Ice/Aid
WI4 R|Alpine/Ice/Aid
WI4 M4|Alpine/Ice/Aid
WI4 M6|Alpine/Ice/Aid
WI3 M3|Alpine/Ice/Aid
M7+|Alpine/Ice/Aid
C0|Alpine/Ice/Aid
WI4+ M6|Alpine/Ice/Aid
M4+|Alpine/Ice/Aid
4th Steep Snow|Alpine/Ice/Aid
WI3 PG13|Alpine/Ice/Aid
Easy Snow PG13|Alpine/Ice/Aid
AI2 Steep Snow|Alpine/Ice/Aid
C3|Alpine/Ice/Aid
4th PG13|Alpine/Ice/Aid
M8+|Alpine/Ice/Aid
WI4+ M4|Alpine/Ice/Aid
C2+|Alpine/Ice/Aid
A2+|Alpine/Ice/Aid
WI2 M2|Alpine/Ice/Aid
WI4 M2|Alpine/Ice/Aid
WI4 M4 Steep Snow|Alpine/Ice/Aid
M2|Alpine/Ice/Aid
M10|Alpine/Ice/Aid
WI2 Mod. Snow|Alpine/Ice/Aid
WI3 M6|Alpine/Ice/Aid
WI2 Easy Snow|Alpine/Ice/Aid
Mod. Snow R|Alpine/Ice/Aid
AI2|Alpine/Ice/Aid
3rd PG13|Alpine/Ice/Aid
M7 PG13|Alpine/Ice/Aid
WI4+ M6+|Alpine/Ice/Aid
WI3 Mod. Snow|Alpine/Ice/Aid
M11|Alpine/Ice/Aid
WI2+ PG13|Alpine/Ice/Aid
AI4|Alpine/Ice/Aid
C0+|Alpine/Ice/Aid
3rd R|Alpine/Ice/Aid
AI2 Easy Snow|Alpine/Ice/Aid
WI3 M2|Alpine/Ice/Aid
M4 X|Alpine/Ice/Aid
A2+ PG13|Alpine/Ice/Aid
WI6 M8|Alpine/Ice/Aid
AI2 M2 Easy Snow|Alpine/Ice/Aid
WI3+ PG13|Alpine/Ice/Aid
WI1 Easy Snow|Alpine/Ice/Aid
WI3+ M1 R|Alpine/Ice/Aid
AI4 M4+ Steep Snow|Alpine/Ice/Aid
4th X|Alpine/Ice/Aid
Steep Snow X|Alpine/Ice/Aid
WI3 Steep Snow|Alpine/Ice/Aid
AI3 M4 Steep Snow|Alpine/Ice/Aid
WI3+ M1|Alpine/Ice/Aid
WI3+ M4 PG13|Alpine/Ice/Aid
Steep Snow R|Alpine/Ice/Aid
4th R|Alpine/Ice/Aid
4th AI2 Steep Snow|Alpine/Ice/Aid
WI4 M8|Alpine/Ice/Aid
WI2 Easy Snow PG13|Alpine/Ice/Aid
WI4+ M4 Steep Snow PG1|Alpine/Ice/Aid
M4+ Steep Snow|Alpine/Ice/Aid
A3 R|Alpine/Ice/Aid
WI4+ Steep Snow|Alpine/Ice/Aid
WI4 M2 PG13|Alpine/Ice/Aid
M4+ Mod. Snow|Alpine/Ice/Aid
WI3+ M4+|Alpine/Ice/Aid
WI4 M3|Alpine/Ice/Aid
WI2 M2 Steep Snow|Alpine/Ice/Aid
A1+|Alpine/Ice/Aid
WI2 Steep Snow|Alpine/Ice/Aid
43029|Alpine/Ice/Aid
A4 R|Alpine/Ice/Aid
WI3+ M3+ R|Alpine/Ice/Aid
42999|Alpine/Ice/Aid
WI4 M4+|Alpine/Ice/Aid
R|Alpine/Ice/Aid
WI3 M4 Steep Snow|Alpine/Ice/Aid
WI3+ M2+|Alpine/Ice/Aid
WI3 M7|Alpine/Ice/Aid
43031|Alpine/Ice/Aid
WI3 M6+ R|Alpine/Ice/Aid
3rd Mod. Snow R|Alpine/Ice/Aid
WI2+ M2 Easy Snow|Alpine/Ice/Aid
WI3 M4+|Alpine/Ice/Aid
AI3 Mod. Snow|Alpine/Ice/Aid
AI4 M4 Steep Snow|Alpine/Ice/Aid
M3 Mod. Snow|Alpine/Ice/Aid
WI1 PG13|Alpine/Ice/Aid
WI3 M4 R|Alpine/Ice/Aid
Easy Snow R|Alpine/Ice/Aid
M4 Easy Snow|Alpine/Ice/Aid
WI7+ R|Alpine/Ice/Aid
WI3 M6 C1 Steep Snow|Alpine/Ice/Aid
WI3 M3 Steep Snow R|Alpine/Ice/Aid
43000|Alpine/Ice/Aid
A4+ X|Alpine/Ice/Aid
WI2 M1 R|Alpine/Ice/Aid
WI4 M3+ R|Alpine/Ice/Aid
43088|Alpine/Ice/Aid
WI4+ PG13|Alpine/Ice/Aid
A0 PG13|Alpine/Ice/Aid
C3+|Alpine/Ice/Aid
4th Steep Snow R|Alpine/Ice/Aid
WI6 Steep Snow|Alpine/Ice/Aid
Steep Snow PG13|Alpine/Ice/Aid
WI4 M3 R|Alpine/Ice/Aid
M1 Steep Snow|Alpine/Ice/Aid
3rd C1|Alpine/Ice/Aid
WI4 Steep Snow|Alpine/Ice/Aid
WI1 M1 Mod. Snow|Alpine/Ice/Aid
WI4+ M4+|Alpine/Ice/Aid
3rd Easy Snow R|Alpine/Ice/Aid
A0 R|Alpine/Ice/Aid
M3|Alpine/Ice/Aid
WI3 M1|Alpine/Ice/Aid
WI2 PG13|Alpine/Ice/Aid
WI4 M6 PG13|Alpine/Ice/Aid
WI2+ M6|Alpine/Ice/Aid
C1+|Alpine/Ice/Aid
A2 R|Alpine/Ice/Aid
WI3+ Mod. Snow R|Alpine/Ice/Aid
AI2 M2|Alpine/Ice/Aid
WI3 M1 Easy Snow|Alpine/Ice/Aid
X|Alpine/Ice/Aid
WI2+ Steep Snow|Alpine/Ice/Aid
-5.9|5.9
-5.8|5.8
-5.14|5.14b
-5.13|5.13b
-5.12|5.12b
-5.11|5.11b
-5.1|5.1
5|5.9
5.1|5.1
3rd AI2 Steep Snow|Alpine/Ice/Aid
4th AI2-3 Steep Snow PG13|Alpine/Ice/Aid
4th Easy Snow PG13|Alpine/Ice/Aid
4th Steep Snow X|Alpine/Ice/Aid
4th WI2- Mod. Snow|Alpine/Ice/Aid
5.0 PG13|5.1
5.0 R|5.1
5.0 X|5.1
5.10 C1+|5.10b
5.10 C2 R|5.10b
5.10 C2+|5.10b
5.10 V0|5.10b
5.10 V1-2|5.10b
5.10 WI4 M6-7|5.10b
5.10- A0|5.10b
5.10- C2|5.10b
5.10- C2+ R|5.10b
5.10- V1|5.10b
5.10- V1-2 R|5.10b
5.10+ A0+ PG13|5.10b
5.10+ A1 R|5.10b
5.10+ C2|5.10b
5.10+ V0+|5.10b
5.10a A4- R|5.10b
5.10a V0 R|5.10a
5.10a V0+|5.10a
5.10a V2|5.10a
5.10a WI1 M1 C1- Easy Snow R|5.10a
5.10a/b V0|5.10a
5.10a/b V0-1|5.10a
5.10a/b X|5.10a
5.10b A2|5.10b
5.10b V0+|5.10b
5.10b V2|5.10b
5.10b/c A0+|5.10b
5.10c C0|5.10c
5.10c V1|5.10c
5.10c/d C1+|5.10c
5.10c/d V1+ PG13|5.10c
5.10d V2|5.10d
5.11 A3|5.11b
5.11 C2- R|5.11b
5.11 V3 Mod. Snow|5.11b
5.11 V4|5.11b
5.11 V5|5.11b
5.11- A1|5.11b
5.11- Easy Snow|5.11b
5.11- V1|5.11b
5.11+ V4|5.11d
5.11a A0|5.11a
5.11a V1|5.11a
5.11a V2 PG13|5.11a
5.11a V3|5.11a
5.11b A0-1 PG13|5.11b
5.11b A1|5.11b
5.11b A3+ R|5.11b
5.11b C1|5.11b
5.11b/c C0|5.11b
5.11c A0|5.11c
5.11c V3 PG13|5.11c
5.11c V5|5.11c
5.11d V4|5.11d
5.12- V4|5.12b
5.12+ V5-6|5.12d
5.12+ V5+|5.12d
5.12+ V6|5.12d
5.12a C2|5.12a
5.12a/b C1|5.12a
5.12b A0|5.12b
5.12b X|5.12b
5.12c V5 X|5.12c
5.12c V6|5.12c
5.12d V6+|5.12d
5.13+ PG13|5.13b
5.13+ R|5.13b
5.14a R|5.14a
5.14a/b|5.14a
5.2 X|5.2
5.3 C1|5.3
5.3 WI3+|5.3
5.4 C1 R|5.4
5.4 M2|5.4
5.4 Steep Snow|5.4
5.4 WI2 Mod. Snow PG13|5.4
5.4 WI2-3|5.4
5.5 AI2-3 M2 Mod. Snow|5.5
5.5 M2-3|5.5
5.5 M4 Easy Snow|5.5
5.6 A2 PG13|5.6
5.6 A4 X|5.6
5.6 AI2-3|5.6
5.6 Easy Snow|5.6
5.6 V-easy X|5.6
5.6 V2|5.6
5.6 WI2 Mod. Snow|5.6
5.6 WI2+ M1 Mod. Snow|5.6
5.7 A4-|5.7
5.7 C0|5.7
5.7 C2+ R|5.7
5.7 Easy Snow|5.7
5.7 Easy Snow PG13|5.7
5.7 V0+|5.7
5.7 WI2 Steep Snow PG13|5.7
5.7 WI3 Steep Snow|5.7
5.7 WI3+ M5 R|5.7
5.7+ V-easy|5.7
5.8 A0 PG13|5.8
5.8 A3+ PG13|5.8
5.8 Easy Snow PG13|5.8
5.8 Easy Snow R|5.8
5.8 M5+|5.8
5.8 V-easy PG13|5.8
5.8 V2+ PG13|5.8
5.8 WI3 M5- A1-2 Steep Snow|5.8
5.8 WI6 M6 A2 Steep Snow|5.8
5.8- Easy Snow|5.8
5.8- V1+|5.8
5.8+ A1+|5.8
5.8+ A3|5.8
5.8+ C0|5.8
5.8+ V0 X|5.8
5.9 A2 PG13|5.9
5.9 Easy Snow|5.9
5.9 M6+ C1 Steep Snow R|5.9
5.9 V0 PG13|5.9
5.9 WI3 M4|5.9
5.9 WI4 M5-6 Steep Snow PG13|5.9
5.9- A0|5.9
5.9- Mod. Snow PG13|5.9
5.9+ A0 PG13|5.9
5.9+ AI4 M6|5.9
5.9+ C0|5.9
A0|Alpine/Ice/Aid
A1 PG13|Alpine/Ice/Aid
A2 PG13|Alpine/Ice/Aid
A3 PG13|Alpine/Ice/Aid
A3+|Alpine/Ice/Aid
A4|Alpine/Ice/Aid
AI1 Mod. Snow|Alpine/Ice/Aid
AI2-3 Mod. Snow|Alpine/Ice/Aid
AI3|Alpine/Ice/Aid
AI3 Steep Snow|Alpine/Ice/Aid
AI4 Steep Snow|Alpine/Ice/Aid
C1- PG13|Alpine/Ice/Aid
C2-|Alpine/Ice/Aid
Easy 5th AI2 Steep Snow|Alpine/Ice/Aid
Easy 5th AI2-3 Steep Snow X|Alpine/Ice/Aid
Easy 5th AI3 Steep Snow|Alpine/Ice/Aid
Easy 5th R|Alpine/Ice/Aid
Easy 5th Steep Snow PG13|Alpine/Ice/Aid
Easy 5th WI2+ Steep Snow|Alpine/Ice/Aid
Easy 5th WI3- M2 Easy Snow|Alpine/Ice/Aid
Easy 5th WI3-4 Steep Snow|Alpine/Ice/Aid
M12|Alpine/Ice/Aid
M2 Mod. Snow|Alpine/Ice/Aid
M3 Steep Snow|Alpine/Ice/Aid
M3+|Alpine/Ice/Aid
M3+ Mod. Snow R|Alpine/Ice/Aid
M4 Mod. Snow|Alpine/Ice/Aid
M4 R|Alpine/Ice/Aid
M4 Steep Snow|Alpine/Ice/Aid
Mod. Snow PG13|Alpine/Ice/Aid
Mod. Snow X|Alpine/Ice/Aid
V-easy X|Alpine/Ice/Aid
V1+ X|Alpine/Ice/Aid
V11 PG13|Alpine/Ice/Aid
V12-|Alpine/Ice/Aid
V13|Alpine/Ice/Aid
V3+ R|Alpine/Ice/Aid
V5-6 R|Alpine/Ice/Aid
V6+ R|Alpine/Ice/Aid
V7- PG13|Alpine/Ice/Aid
V7-8 PG13|Alpine/Ice/Aid
V7-8 X|Alpine/Ice/Aid
V8- R|Alpine/Ice/Aid
V9-10 PG13|Alpine/Ice/Aid
V9-10 R|Alpine/Ice/Aid
WI1 M3 PG13|Alpine/Ice/Aid
WI2- M1-2 Easy Snow R|Alpine/Ice/Aid
WI2- Mod. Snow|Alpine/Ice/Aid
WI2-3 R|Alpine/Ice/Aid
WI2+ Easy Snow|Alpine/Ice/Aid
WI2+ M3-4 A1-2 Steep Snow|Alpine/Ice/Aid
WI3 Easy Snow|Alpine/Ice/Aid
WI3 M2-3|Alpine/Ice/Aid
WI3 M3-4|Alpine/Ice/Aid
WI3 M3-4 Mod. Snow|Alpine/Ice/Aid
WI3 M4|Alpine/Ice/Aid
WI3 M4 Mod. Snow|Alpine/Ice/Aid
WI3- R|Alpine/Ice/Aid
WI3+ M3|Alpine/Ice/Aid
WI3+ M4|Alpine/Ice/Aid
WI3+ M4 R|Alpine/Ice/Aid
WI3+ M6|Alpine/Ice/Aid
WI4 M4-5 Easy Snow|Alpine/Ice/Aid
WI4 M6-7|Alpine/Ice/Aid
WI4- M2|Alpine/Ice/Aid
WI4+ M4 Easy Snow|Alpine/Ice/Aid
WI4+ M4 Steep Snow PG13|Alpine/Ice/Aid
WI4+ M6-7|Alpine/Ice/Aid
WI5 M5 Steep Snow|Alpine/Ice/Aid
WI5 M7+|Alpine/Ice/Aid
WI5- M8-|Alpine/Ice/Aid
WI5-6 M6-7|Alpine/Ice/Aid
WI5+ M5|Alpine/Ice/Aid
WI5+ M5+|Alpine/Ice/Aid
WI5+ M9|Alpine/Ice/Aid
5.10|5.10b
5.8-|5.8
5.9-|5.9
5.10-|5.10b
5.11-|5.11b
5.12-|5.12b
5.13-|5.13b
5.14-|5.14b
A4-|Alpine/Ice/Aid
A1-|Alpine/Ice/Aid
A1-2|Alpine/Ice/Aid
A2-3|Alpine/Ice/Aid
A2-|Alpine/Ice/Aid
5.0|5.1
5.12|5.12b
5.11|5.11b
